"replicate_id","living_size","total_size","seed","speciation","extinction"
82,50,155,182,1.19502111176867,0.832725019169462
82,100,375,182,1.0886711987771,0.817056769869089
82,150,1018,182,1.00304141024779,0.795645919358047
