"replicate_id","living_size","total_size","seed","speciation","extinction"
41,50,323,141,1.06578528284872,0.766942851803504
41,100,649,141,1.01334671420345,0.790052535328655
41,150,1113,141,1.01864626694239,0.828837634452305
