"replicate_id","living_size","total_size","seed","speciation","extinction"
80,50,259,180,1.10553590986722,0.657991576181951
80,100,596,180,1.07205539409354,0.696461828129951
80,150,1212,180,1.06294578184383,0.805900967615636
