"replicate_id","living_size","total_size","seed","speciation","extinction"
30,50,144,130,1.27235485490593,0.819316005001545
30,100,951,130,1.0460620233892,0.775212545027347
30,150,1158,130,0.987960097063267,0.722411539041948
