"replicate_id","living_size","total_size","seed","speciation","extinction"
50,50,176,150,1.09080092206755,0.746140684534005
50,100,792,150,0.98830454355621,0.69739519050584
50,150,868,150,1.0382150603398,0.758323566914823
