"replicate_id","living_size","total_size","seed","speciation","extinction"
4,50,481,104,1.02736784261338,0.820957115312076
4,100,357,104,1.12526371941858,0.653451388262636
4,150,1207,104,1.02022916735595,0.703847638906535
