"replicate_id","living_size","total_size","seed","speciation","extinction"
15,50,311,115,1.09545277284768,0.833312658802667
15,100,510,115,1.02713395613773,0.722308081473956
15,150,1049,115,1.01939465668817,0.707467848591483
