"replicate_id","living_size","total_size","seed","speciation","extinction"
22,50,287,122,1.03367699185007,0.680935684141648
22,100,545,122,1.07542465733786,0.64971800383196
22,150,1288,122,0.977902129135334,0.744607143809239
