"replicate_id","living_size","total_size","seed","speciation","extinction"
96,50,462,196,0.982774261256099,0.735321469952991
96,100,515,196,1.03653003948413,0.452022981639101
96,150,1442,196,1.00735556508811,0.799389878314853
