"replicate_id","living_size","total_size","seed","speciation","extinction"
57,50,428,157,1.04708181691359,0.799844822740445
57,100,670,157,0.995237716086172,0.677927152944463
57,150,674,157,1.01771088185665,0.639943475296256
