"replicate_id","living_size","total_size","seed","speciation","extinction"
92,50,277,192,1.13201126363625,0.696470402541352
92,100,862,192,1.00705653691404,0.695500723197488
92,150,969,192,1.00684180677827,0.735953630969801
