"replicate_id","living_size","total_size","seed","speciation","extinction"
65,50,380,165,0.960801366026839,0.698243103071967
65,100,660,165,1.02944075401907,0.732390023626914
65,150,848,165,1.03417934383197,0.641612861475817
