"replicate_id","living_size","total_size","seed","speciation","extinction"
36,50,335,136,1.00795077116972,0.72840503476245
36,100,621,136,1.01806258095367,0.776011379178507
36,150,1157,136,0.979631489457572,0.628399665935744
