"replicate_id","living_size","total_size","seed","speciation","extinction"
53,50,178,153,1.06435752915712,0.607289812837447
53,100,761,153,1.04212780526963,0.798148981252015
53,150,1264,153,0.993364881324999,0.688209068543333
