"replicate_id","living_size","total_size","seed","speciation","extinction"
29,50,424,129,1.0142850527902,0.821028046764962
29,100,498,129,1.0405156145538,0.776462680056754
29,150,1459,129,1.00099808688474,0.851144648347046
