"replicate_id","living_size","total_size","seed","speciation","extinction"
9,50,325,109,0.999315025997446,0.736784364252138
9,100,754,109,0.999983348065527,0.738131852385722
9,150,1412,109,0.986628753080411,0.801163550530916
