"replicate_id","living_size","total_size","seed","speciation","extinction"
85,50,341,185,0.963592740211849,0.661527283811767
85,100,980,185,1.02878973916495,0.771017786448739
85,150,1392,185,0.983386634516208,0.804649958329204
