"replicate_id","living_size","total_size","seed","speciation","extinction"
60,50,310,160,1.08589415084389,0.854313352409444
60,100,676,160,1.02139807938553,0.825375938280173
60,150,1425,160,1.01356933736598,0.794747242989841
