"replicate_id","living_size","total_size","seed","speciation","extinction"
1,50,335,101,1.05973341501206,0.83566857508089
1,100,785,101,1.02491877689007,0.732393600988094
1,150,1017,101,1.04542387069341,0.758174753500823
