"replicate_id","living_size","total_size","seed","speciation","extinction"
35,50,296,135,0.957245195644503,0.703975850235457
35,100,878,135,0.983177750790996,0.677270950915201
35,150,1220,135,1.02877263350631,0.773369653609071
