"replicate_id","living_size","total_size","seed","speciation","extinction"
90,50,478,190,1.00518190937023,0.812012356614068
90,100,774,190,1.0215483153279,0.750850504616338
90,150,771,190,1.0385272993492,0.681989349456581
