"replicate_id","living_size","total_size","seed","speciation","extinction"
93,50,499,193,1.00858623633726,0.772484975000488
93,100,575,193,1.03573862280861,0.766349551412309
93,150,1026,193,1.02748038413702,0.808393413318577
