"replicate_id","living_size","total_size","seed","speciation","extinction"
43,50,224,143,1.13578142582592,0.886673799179619
43,100,450,143,1.07422020974991,0.697609623816164
43,150,1407,143,0.998182327064906,0.73240301351391
