"replicate_id","living_size","total_size","seed","speciation","extinction"
44,50,185,144,1.02125371144317,0.500695125266604
44,100,803,144,1.01778447763989,0.758471180329086
44,150,1480,144,0.983562092873107,0.798627198940326
