"replicate_id","living_size","total_size","seed","speciation","extinction"
81,50,193,181,1.08855239630614,0.801797006344471
81,100,466,181,1.04716774448453,0.643535244677735
81,150,1041,181,1.00031542089451,0.703789270032772
