"replicate_id","living_size","total_size","seed","speciation","extinction"
11,50,248,111,1.08891100613728,0.748541018789533
11,100,854,111,1.03254329831374,0.71645749179421
11,150,1148,111,1.01574354019501,0.735965535909769
