"replicate_id","living_size","total_size","seed","speciation","extinction"
73,50,321,173,1.0687988428387,0.765240562057096
73,100,791,173,1.02679253306006,0.843706026300012
73,150,1244,173,0.975131160307198,0.747683663786986
