"replicate_id","living_size","total_size","seed","speciation","extinction"
12,50,241,112,1.07134663403779,0.687758137048502
12,100,498,112,1.0175888241523,0.642038697177174
12,150,1302,112,1.01294031044739,0.689868700640902
