"replicate_id","living_size","total_size","seed","speciation","extinction"
86,50,225,186,1.03432919934357,0.807481766337184
86,100,502,186,1.03103441439429,0.652400645197148
86,150,1359,186,0.983262803363996,0.714799033373508
