"replicate_id","living_size","total_size","seed","speciation","extinction"
27,50,386,127,1.02777125432607,0.800737924329314
27,100,915,127,1.00192739834738,0.890988310059764
27,150,1410,127,1.01901110701417,0.795213703872816
