"replicate_id","living_size","total_size","seed","speciation","extinction"
3,50,354,103,1.02385860237211,0.799653459595117
3,100,931,103,0.999259285853946,0.739074508964375
3,150,928,103,1.04406153551427,0.694712112292633
