"replicate_id","living_size","total_size","seed","speciation","extinction"
21,50,272,121,1.14489441778804,0.881984614218672
21,100,612,121,1.01455788023796,0.741847769067566
21,150,1120,121,1.02278434149886,0.742103432962078
