"replicate_id","living_size","total_size","seed","speciation","extinction"
91,50,196,191,1.1284857325875,0.881998572794182
91,100,742,191,1.03962222542216,0.82924151142096
91,150,892,191,1.04959474657472,0.570220395917123
