"replicate_id","living_size","total_size","seed","speciation","extinction"
99,50,416,199,0.953676547830702,0.759746509894291
99,100,584,199,1.08321360886102,0.701228866889646
99,150,1348,199,0.996465508616509,0.897334708558373
