"replicate_id","living_size","total_size","seed","speciation","extinction"
47,50,238,147,1.08598608665937,0.700706249780521
47,100,658,147,1.06943014626678,0.772067955266752
47,150,1072,147,0.998234101248116,0.818745134437112
