"replicate_id","living_size","total_size","seed","speciation","extinction"
64,50,239,164,1.07470160094582,0.614264943709586
64,100,594,164,1.00861635871411,0.753501910437495
64,150,1046,164,1.04421291886791,0.856444435679527
