"replicate_id","living_size","total_size","seed","speciation","extinction"
95,50,157,195,1.12121141777514,0.569095624223103
95,100,547,195,1.02833896310946,0.522662430433351
95,150,1227,195,0.992274618942338,0.745182353082381
