"replicate_id","living_size","total_size","seed","speciation","extinction"
6,50,370,106,1.00307876291258,0.715196882574907
6,100,745,106,0.986702395104438,0.733269325450142
6,150,1061,106,1.03724031988713,0.790093762698642
