"replicate_id","living_size","total_size","seed","speciation","extinction"
45,50,362,145,1.00857345276118,0.776258670808236
45,100,648,145,1.09436417514995,0.665343308748166
45,150,928,145,1.04638856343908,0.702564970102054
