"replicate_id","living_size","total_size","seed","speciation","extinction"
76,50,229,176,1.03398477941163,0.735989693290567
76,100,661,176,1.01975689754452,0.786023568906581
76,150,946,176,1.01204409668474,0.82477717192125
