"replicate_id","living_size","total_size","seed","speciation","extinction"
72,50,385,172,1.01108376664963,0.776635969246833
72,100,778,172,0.99534309727572,0.600261272197569
72,150,1004,172,1.05214678903263,0.775493261698637
