"replicate_id","living_size","total_size","seed","speciation","extinction"
88,50,236,188,1.02312875790215,0.583406008721227
88,100,799,188,0.964378530831929,0.745308839834693
88,150,948,188,1.04191719642592,0.742779618456139
