"replicate_id","living_size","total_size","seed","speciation","extinction"
17,50,325,117,0.998733770304383,0.757185151135057
17,100,672,117,1.04824781857379,0.745746254540658
17,150,831,117,1.03669620629222,0.648452280084416
