"replicate_id","living_size","total_size","seed","speciation","extinction"
7,50,214,107,1.01186959216725,0.654711038677802
7,100,815,107,1.02283052307309,0.790164968950266
7,150,948,107,1.04021533611953,0.696083066078266
