"replicate_id","living_size","total_size","seed","speciation","extinction"
19,50,485,119,1.07384940001284,0.855724274349248
19,100,696,119,1.01231528233034,0.702326309265354
19,150,1346,119,0.987317800915811,0.734779536479404
