"replicate_id","living_size","total_size","seed","speciation","extinction"
69,50,273,169,1.03478356807201,0.712053916755941
69,100,371,169,1.01374449308998,0.612379658740666
69,150,986,169,1.04622539882981,0.740756917609607
