"replicate_id","living_size","total_size","seed","speciation","extinction"
38,50,290,138,1.09023095170131,0.855818819169641
38,100,745,138,1.00253837615957,0.737163416255819
38,150,1303,138,1.02936603483393,0.793937149430503
