"replicate_id","living_size","total_size","seed","speciation","extinction"
2,50,254,102,1.10048391968038,0.708744143393824
2,100,771,102,1.01919579014751,0.722880863657501
2,150,744,102,1.02598145712367,0.735956160775144
