"replicate_id","living_size","total_size","seed","speciation","extinction"
74,50,230,174,1.04056790071616,0.508495786530997
74,100,805,174,0.98301838566047,0.726304836391951
74,150,729,174,1.10429142635597,0.770476478178768
