"replicate_id","living_size","total_size","seed","speciation","extinction"
46,50,266,146,1.06753221580994,0.699861590345579
46,100,506,146,1.03252352430407,0.731329094770709
46,150,643,146,1.02447347961484,0.66807645755303
