"replicate_id","living_size","total_size","seed","speciation","extinction"
100,50,187,200,1.1660572005192,0.763407390412983
100,100,686,200,1.07705651999272,0.915151041692663
100,150,1212,200,1.02199700279317,0.828718855548889
