"replicate_id","living_size","total_size","seed","speciation","extinction"
55,50,433,155,0.991953746426144,0.735013599387745
55,100,614,155,1.04438452314569,0.83949921806328
55,150,811,155,1.03717567597977,0.734435195869683
