"replicate_id","living_size","total_size","seed","speciation","extinction"
8,50,165,108,1.18309367347304,0.71811445717689
8,100,457,108,1.05385518684937,0.684713824724056
8,150,544,108,1.05750202328171,0.470745184743061
