"replicate_id","living_size","total_size","seed","speciation","extinction"
56,50,260,156,1.01030033726681,0.600091562945928
56,100,744,156,0.98437368118933,0.78014072763452
56,150,1103,156,1.03278946532689,0.780520939833201
