"replicate_id","living_size","total_size","seed","speciation","extinction"
67,50,228,167,1.08834802232756,0.721156029696057
67,100,564,167,1.02723585523358,0.619878934887752
67,150,1051,167,0.9937939896585,0.72625612880266
