"replicate_id","living_size","total_size","seed","speciation","extinction"
48,50,231,148,1.11820137946346,0.783394876481167
48,100,652,148,1.05239025051249,0.765619235773321
48,150,688,148,1.03458984539129,0.610852079146473
