"replicate_id","living_size","total_size","seed","speciation","extinction"
23,50,344,123,0.984310443137396,0.759448021447116
23,100,696,123,1.01028578299365,0.754113529101655
23,150,1254,123,0.999346032068401,0.810349720852763
