"replicate_id","living_size","total_size","seed","speciation","extinction"
10,50,350,110,0.997561171459531,0.716756979535541
10,100,998,110,0.99533036518591,0.832035832574599
10,150,1361,110,1.01783454209845,0.765383761598442
