"replicate_id","living_size","total_size","seed","speciation","extinction"
37,50,185,137,1.14913697504499,0.829970453466454
37,100,901,137,1.03109424165393,0.725068900568236
37,150,1083,137,1.04297024446185,0.753068386953509
