"replicate_id","living_size","total_size","seed","speciation","extinction"
78,50,374,178,1.01228132995486,0.796383687203609
78,100,447,178,1.05768812702786,0.766060721768706
78,150,924,178,1.00820322035643,0.734332273989982
