"replicate_id","living_size","total_size","seed","speciation","extinction"
97,50,237,197,1.08082635603489,0.605945585827857
97,100,604,197,1.04538292744075,0.731261959457545
97,150,1135,197,1.03109216792754,0.742030086507521
