"replicate_id","living_size","total_size","seed","speciation","extinction"
33,50,476,133,1.01292980293867,0.828347288234372
33,100,637,133,1.03890917830146,0.791969558225505
33,150,1295,133,1.00671797619471,0.860208645733284
