"replicate_id","living_size","total_size","seed","speciation","extinction"
14,50,233,114,1.09736306588093,0.740488690779533
14,100,654,114,1.06249866477739,0.632330753441474
14,150,729,114,1.09662706114083,0.692861652265882
