"replicate_id","living_size","total_size","seed","speciation","extinction"
79,50,479,179,1.0647900650019,0.797608988519341
79,100,852,179,0.995597527996986,0.84596527299488
79,150,919,179,1.02801257137476,0.824862175597088
