"replicate_id","living_size","total_size","seed","speciation","extinction"
42,50,274,142,1.07542236882168,0.766758836271808
42,100,466,142,1.0306628250101,0.70939692200903
42,150,712,142,1.05820076965906,0.752388648798183
