"replicate_id","living_size","total_size","seed","speciation","extinction"
66,50,326,166,0.987525255342523,0.660835449873363
66,100,786,166,1.04770879167304,0.764059743015188
66,150,844,166,1.08189895050304,0.742240063202228
