"replicate_id","living_size","total_size","seed","speciation","extinction"
16,50,182,116,1.16006170493581,0.589505918443484
16,100,688,116,1.00655247421965,0.73100189167626
16,150,1289,116,1.0252008961382,0.85261660817866
