"replicate_id","living_size","total_size","seed","speciation","extinction"
20,50,287,120,0.953593798427594,0.68023403847141
20,100,648,120,1.02244366881801,0.753715051016801
20,150,559,120,1.05715662549349,0.693973932249678
