"replicate_id","living_size","total_size","seed","speciation","extinction"
58,50,400,158,1.00075150196287,0.699961295677782
58,100,842,158,1.04171234460977,0.828672467656929
58,150,1086,158,1.04167057105119,0.773438117466256
