"replicate_id","living_size","total_size","seed","speciation","extinction"
71,50,200,171,0.972729754802626,0.699768214746901
71,100,731,171,1.0345121734384,0.782013504629624
71,150,1027,171,1.02094255120624,0.735560017391051
