"replicate_id","living_size","total_size","seed","speciation","extinction"
75,50,179,175,1.10868276644194,0.673600215564413
75,100,540,175,1.06322105997122,0.785142091677201
75,150,869,175,1.04022496511377,0.793704925180388
