"replicate_id","living_size","total_size","seed","speciation","extinction"
40,50,271,140,1.07772991160641,0.610331509849963
40,100,587,140,1.09052760519951,0.703519831397095
40,150,1013,140,1.08099255578118,0.791000070669217
