"replicate_id","living_size","total_size","seed","speciation","extinction"
25,50,325,125,0.976106974911488,0.637102709126245
25,100,553,125,0.990315909274959,0.662180367803625
25,150,1336,125,1.0107849634062,0.762361855759503
