"replicate_id","living_size","total_size","seed","speciation","extinction"
94,50,139,194,1.22249331992482,0.771717831194503
94,100,662,194,1.04093682672915,0.715857334584029
94,150,1135,194,1.01214797907665,0.788591666088916
