"replicate_id","living_size","total_size","seed","speciation","extinction"
49,50,420,149,0.998310388652355,0.688319933992196
49,100,712,149,1.0002708649276,0.632619380390658
49,150,795,149,1.0666596811563,0.721908228938789
