"replicate_id","living_size","total_size","seed","speciation","extinction"
31,50,167,131,1.11939841063943,0.574599663107463
31,100,557,131,1.0285037645015,0.544234426217213
31,150,1098,131,0.982202588484777,0.738937764842815
