"replicate_id","living_size","total_size","seed","speciation","extinction"
51,50,213,151,1.04707355437087,0.709718516169092
51,100,854,151,1.01982859823084,0.744827416910181
51,150,1050,151,1.01317548671391,0.774816009981064
