"replicate_id","living_size","total_size","seed","speciation","extinction"
59,50,470,159,0.986352615898838,0.83697631750005
59,100,954,159,0.978810197929871,0.703130504299235
59,150,1289,159,0.991756064621898,0.796987252170237
