"replicate_id","living_size","total_size","seed","speciation","extinction"
84,50,223,184,1.06249302900823,0.50367542399151
84,100,636,184,0.990142768809221,0.699848413023176
84,150,1373,184,0.975146122785503,0.820741498057119
