"replicate_id","living_size","total_size","seed","speciation","extinction"
98,50,186,198,1.02741226664457,0.669836286452275
98,100,358,198,1.06296006440255,0.561372316930174
98,150,867,198,1.02439504805081,0.762815785470408
