"replicate_id","living_size","total_size","seed","speciation","extinction"
83,50,203,183,1.16783365054634,0.579646745896528
83,100,955,183,1.0153260124725,0.779028074101319
83,150,1121,183,0.99980939283185,0.690531714773072
