"replicate_id","living_size","total_size","seed","speciation","extinction"
87,50,321,187,1.0255472928362,0.829839596893435
87,100,496,187,1.07031626583331,0.76682600260815
87,150,688,187,1.06031119179767,0.663666427043321
