"replicate_id","living_size","total_size","seed","speciation","extinction"
63,50,218,163,1.04709982620274,0.62949118696639
63,100,763,163,1.07611534646398,0.757744572511141
63,150,1160,163,0.9795738912139,0.860408287711187
