"replicate_id","living_size","total_size","seed","speciation","extinction"
34,50,347,134,1.04877800019078,0.735271774325395
34,100,809,134,1.04891972702335,0.784023565033321
34,150,1386,134,1.00459797696214,0.696712279862373
