"replicate_id","living_size","total_size","seed","speciation","extinction"
62,50,254,162,1.02967393412479,0.599173794840748
62,100,657,162,1.02250714221796,0.657672696217967
62,150,896,162,1.03997735191425,0.735402758981409
