"replicate_id","living_size","total_size","seed","speciation","extinction"
24,50,161,124,1.1910921857235,0.796167869330013
24,100,681,124,0.97484438879946,0.77378331158762
24,150,1112,124,0.992623031221226,0.774435421854878
