"replicate_id","living_size","total_size","seed","speciation","extinction"
13,50,255,113,1.0629916541477,0.62020108853011
13,100,826,113,1.01112241853525,0.760775803202089
13,150,824,113,1.02625267280261,0.747331718521994
