"replicate_id","living_size","total_size","seed","speciation","extinction"
70,50,146,170,0.966988281847292,0.397888416270452
70,100,913,170,1.00357077982538,0.771177957273086
70,150,1457,170,1.01016713773275,0.827695598099973
