"replicate_id","living_size","total_size","seed","speciation","extinction"
89,50,374,189,1.03770607558829,0.739777428870075
89,100,517,189,1.0078384500111,0.72850388156845
89,150,1226,189,1.01911083329941,0.760753624004377
