"replicate_id","living_size","total_size","seed","speciation","extinction"
77,50,291,177,1.0877844730643,0.773882821945025
77,100,786,177,1.02279476431674,0.868453095671165
77,150,779,177,1.03186376728746,0.577741808895006
