"replicate_id","living_size","total_size","seed","speciation","extinction"
26,50,159,126,1.09405228148322,0.782170840398136
26,100,403,126,1.13365498702248,0.831051041937021
26,150,1379,126,1.00107725963814,0.755665515191981
