"replicate_id","living_size","total_size","seed","speciation","extinction"
39,50,297,139,1.04098227593994,0.822291730615258
39,100,618,139,0.966449586883907,0.805766788522005
39,150,852,139,1.0529572275117,0.832107680683164
