"replicate_id","living_size","total_size","seed","speciation","extinction"
52,50,400,152,1.01532323993685,0.751625170659242
52,100,437,152,1.07515540969428,0.736361463005713
52,150,818,152,1.03569818719984,0.659719668700304
