"replicate_id","living_size","total_size","seed","speciation","extinction"
28,50,317,128,1.06205310566484,0.698605488057092
28,100,861,128,1.01400767831124,0.695514702016463
28,150,926,128,1.04343577763178,0.762293601606664
