"replicate_id","living_size","total_size","seed","speciation","extinction"
54,50,256,154,1.04519558478347,0.571120980920039
54,100,929,154,1.01100210010762,0.723144513930631
54,150,1394,154,1.00167112468966,0.775710916334537
