"replicate_id","living_size","total_size","seed","speciation","extinction"
5,50,372,105,0.981359829256728,0.684906158353168
5,100,817,105,1.00164004023089,0.689817926096728
5,150,698,105,1.02963905865069,0.770643473129384
