"replicate_id","living_size","total_size","seed","speciation","extinction"
68,50,246,168,1.10468113499093,0.832530130959237
68,100,422,168,1.05907999245449,0.632550629408533
68,150,915,168,1.05291877179423,0.787230612192479
