"replicate_id","living_size","total_size","seed","speciation","extinction"
18,50,217,118,1.19583011585373,0.797584972460395
18,100,679,118,1.00636009607478,0.76324193381154
18,150,964,118,1.02208659847709,0.820085742707909
