"replicate_id","living_size","total_size","seed","speciation","extinction"
61,50,273,161,1.05162091629184,0.795086480394705
61,100,856,161,1.02043502275873,0.699225788568008
61,150,797,161,1.0476756497073,0.689517910737842
