"replicate_id","living_size","total_size","seed","speciation","extinction"
32,50,338,132,0.996452094575602,0.737741446254283
32,100,557,132,1.02095277347341,0.804455741365098
32,150,728,132,1.07615418078049,0.759489207405487
